{"cameraMode":{"drawMode":0,"name":"Shaded","section":"Shading Mode"},"sceneLighting":true,"audioPlay":false,"sceneViewState":{"m_AlwaysRefresh":false,"showFog":true,"showSkybox":true,"showFlares":true,"showImageEffects":true,"showParticleSystems":true,"showVisualEffectGraphs":true,"m_FxEnabled":true},"in2DMode":false,"pivot":{"x":4.637340068817139,"y":0.06078609451651573,"z":10.979096412658692},"rotation":{"x":0.21664434671401978,"y":0.211828351020813,"z":-0.048221442848443988,"w":0.9517636895179749},"size":3.56990122795105,"orthographic":false}